{
    "$schema": "https://schema.management.azure.com/schemas/2015-01-01/deploymentParameters.json#",
    "contentVersion": "1.0.0.0",
    "parameters": {
        "factoryName": {
            "value": "wagsdm"
        },
        "integrationRuntime_mltest1": {
            "value": "mltest1"
        },
        "AzureDataLakeStorage1_accountKey": {
            "value": ""
        },
        "FileServer1_password": {
            "value": ""
        },
        "wagsADB_accessToken": {
            "value": ""
        },
        "AzureDataLakeStorage1_properties_typeProperties_url": {
            "value": "https://waginput.dfs.core.windows.net"
        },
        "FileServer1_properties_typeProperties_host": {
            "value": "C:\\Work\\"
        },
        "FileServer1_properties_typeProperties_userId": {
            "value": "vmadmin"
        }
    }
}